Public,Earn,SAT,ACT,Price,Price_with_aid,need_fraction,merit_aided
1,59000,1380,30,28100,17300,0.3,0.16
0,63700,1460,33,58600,22400,0.39,0.11
1,60300,1360,30,35700,18200,0.51,0.06
1,51800,1260,29,18500,13400,0.39,0.24
0,63200,1360,31,62800,19000,0.32,0.55
1,55400,1360,31,28100,15300,0.27,0.03
1,55100,1180,26,23900,12800,0.37,0.06
1,53700,1280,28,32500,14900,0.58,0.02
1,49700,1270,29,21400,16100,0.34,0.06
1,50600,1130,24,32900,13200,0.67,0.02
1,51000,1200,26,35100,17700,0.63,0.04
1,55300,1220,25,26900,20100,0.32,0.11
1,54500,1310,28,25300,16200,0.35,0.13
1,52200,1300,28,34300,13600,0.54,0.03
1,53100,1250,29,30300,18300,0.37,0.28
1,56800,1360,29,30800,17700,0.37,0.12
0,47400,1100,26,52400,26500,0.66,0.24
0,58300,1490,33,64800,24200,0.45,0.11
0,45600,1250,29,56700,22400,0.64,0.11
0,53900,1390,32,62500,22600,0.41,0.08
1,54000,1230,28,27800,11300,0.37,0.04
0,58700,1430,33,65000,29500,0.43,0.08
1,63800,1360,30,25700,13300,0.39,0.24
1,47400,1370,30,32400,13500,0.28,0.06
1,49200,1030,22,29300,17900,0.49,0.11
1,52400,1230,28,29400,20800,0.41,0.11
0,61600,1460,32,66600,23700,0.41,0.03
1,49600,1100,23,35600,16100,0.67,0.06
1,56400,1150,25,28100,17700,0.43,0.13
1,58400,1060,22,23600,14400,0.44,0.05
0,48900,1440,32,64100,24300,0.45,0.03
1,46500,1310,30,26700,11900,0.43,0.05
0,50000,1340,31,63400,24500,0.48,0.09
0,41800,1060,26,53900,27900,0.69,0.24
1,53000,1260,28,27400,18300,0.35,0.01
1,56200,1200,27,23900,14300,0.3,0.12
0,43100,1050,23,41100,18800,0.77,0.16
1,50700,1170,27,27300,16800,0.41,0.19
1,49600,1120,26,26400,16100,0.34,0.08
1,47000,1240,28,23600,14500,0.4,0.05
1,51000,1120,24,30700,12600,0.61,0.03
1,50500,1300,28,26700,17000,0.42,0.07
1,54800,1120,23,23100,13000,0.56,0.04
1,66000,1030,22,26900,19700,0.61,0.04
1,50100,1280,28,25400,17600,0.3,0.07
0,49500,1380,29,62100,28500,0.46,0.01
0,47500,1200,27,58200,32200,0.55,0.42
0,47000,1390,31,66800,26300,0.44,0.01
0,57800,1280,29,64400,29500,0.36,0.09
0,56400,1470,33,68200,31200,0.43,0.04
0,58800,1410,31,66800,26100,0.38,0.06
0,58400,1230,28,61200,34500,0.44,0.2
0,46700,1120,25,50800,27400,0.73,0.18
0,43900,1210,27,53600,27300,0.71,0.27
0,44100,1320,30,45500,27500,0.52,0.21
0,48600,1350,30,63600,20100,0.38,0.01
1,46600,1180,27,25400,12600,0.35,0.29
0,45200,1030,23,46100,21300,0.47,0.15
0,79700,1480,34,69300,36100,0.5,0.24
1,45400,1190,27,30900,18600,0.56,0.27
0,60300,1420,32,66100,27500,0.43,0.01
0,43800,1140,25,47700,29000,0.74,0.25
0,58900,1060,23,47300,25500,0.78,0.07
1,54100,1090,23,27400,19000,0.45,0.22
0,55900,1490,33,69100,36400,0.39,0.11
0,48400,1240,28,59300,38800,0.5,0.37
0,55000,1450,32,66000,28500,0.37,0.02
1,63100,1220,27,28100,17000,0.5,0.26
1,50600,1260,28,26100,9900,0.48,0.21
1,49700,1220,27,36200,16300,0.59,0.02
0,50600,1430,31,65100,28200,0.33,0.07
1,50500,1240,26,32000,20800,0.21,0.08
0,33200,1220,25,24100,17600,0.76,0.15
0,49800,1330,28,64100,33700,0.55,0.39
0,51200,1310,30,64700,36900,0.5,0.29
0,53000,1350,31,65800,36000,0.51,0.31
0,50000,1440,33,65000,24600,0.51,0.01
0,43000,1110,24,52200,25000,0.75,0.22
1,45600,1120,24,19800,13600,0.43,0.05
0,61600,1320,30,61200,30400,0.4,0.06
0,53400,1250,27,66900,27400,0.39,0.03
1,51100,1210,25,31100,17300,0.38,0.02
1,44800,930,19,21800,6100,0.65,0.03
1,48400,1130,24,23700,12300,0.12,0.24
1,47600,1100,22,32000,22400,0.47,0.15
1,45300,1000,20,22600,16900,0.44,0.01
0,60000,1260,28,65000,29900,0.4,0.06
1,49300,1150,25,25000,16100,0.18,0.01
1,49400,1300,29,24600,17000,0.41,0.03
0,50000,1310,30,62000,26200,0.4,0.17
1,46800,1110,25,24200,16600,0.38,0.02
0,42500,1330,28,56000,30200,0.66,0.36
0,47400,1290,28,62800,36300,0.59,0.18
0,51000,1190,27,52500,34100,0.57,0.4
1,63100,1250,28,22700,15700,0.53,0.11
0,43800,1020,24,49200,23800,0.72,0.18
0,45900,1170,27,53600,27000,0.62,0.25
1,40900,1060,24,22500,15100,0.56,0.02
0,52400,1240,25,51400,24900,0.78,0.22
0,58000,1080,25,56300,32500,0.67,0.25
1,49800,1250,28,23800,14600,0.49,0.09
1,51100,1230,28,23900,14800,0.46,0.05
0,42600,1290,27,53300,28200,0.69,0.25
1,50100,1270,29,26800,19900,0.4,0.19
1,58100,1240,28,25700,18300,0.31,0.11
1,50200,1150,25,19800,15100,0.52,0.32
0,45800,1300,29,55200,30500,0.66,0.22
0,50400,1160,26,61500,36900,0.52,0.18
0,39700,1030,23,45300,20900,0.75,0.16
0,46400,1130,25,56400,33900,0.68,0.24
0,42900,1070,22,41700,22000,0.74,0.21
0,61700,1190,26,62300,30900,0.84,0.15
1,65600,1300,29,32700,27400,0.27,0.26
0,44300,1020,23,48700,25600,0.45,0.18
0,46100,1260,29,61100,32100,0.53,0.45
0,64100,1380,29,61900,40700,0.66,0.32
1,46300,1090,23,34000,14300,0.76,0.02
1,37500,1230,25,16500,12300,0.46,0.07
0,44300,1360,29,59400,29900,0.67,0.13
0,44900,1150,26,46000,28500,0.71,0.27
0,52300,1370,31,63800,30700,0.4,0.02
0,55200,1360,32,65600,28700,0.37,0.02
1,48000,1160,26,25900,15900,0.52,0.01
0,45300,1320,30,64700,29100,0.39,0.12
0,57900,1300,30,65600,36100,0.4,0.09
1,48900,1150,25,25600,13300,0.54,0.2
0,54600,1380,31,67300,34000,0.37,0.18
0,41300,1380,30,61700,27100,0.7,0.19
0,57400,1310,30,63100,35600,0.45,0.06
0,47000,1060,24,39200,22100,0.79,0.12
0,42700,1330,30,62900,26300,0.35,0.08
0,51900,1180,27,62300,36300,0.52,0.15
0,44700,950,21,48700,19600,0.92,0.06
0,49700,930,19,47900,23800,0.85,0.08
0,45900,940,19,54700,29800,0.86,0.06
0,43300,1260,29,52600,30400,0.44,0.5
0,42100,990,20,39600,17800,0.7,0.09
0,45200,1450,32,65800,25000,0.5,0.01
1,46300,1100,24,24000,15700,0.54,0.05
1,49000,1110,25,19400,12900,0.33,0.22
0,67100,1440,32,66400,36700,0.44,0.04
1,43700,990,21,23500,17200,0.41,0.02
0,47000,990,22,56600,27300,0.8,0.15
0,52200,1200,25,58500,34200,0.5,0.35
0,58200,1380,31,62000,31800,0.48,0.33
0,50300,1310,28,64500,39100,0.65,0.27
0,47500,1150,26,61700,29900,0.81,0.09
1,45300,1160,25,25800,19900,0.65,0.15
0,48000,830,15,50600,24200,0.77,0.01
1,55700,1140,26,35000,16200,0.6,0.1
0,41600,1200,27,42900,28100,0.51,0.27
0,50300,1140,26,45400,29900,0.61,0.19
1,55100,1190,23,19000,14200,0.31,0.09
0,39400,1230,28,54800,28400,0.66,0.29
1,48800,1090,24,24000,18000,0.61,0.08
0,54000,1280,27,62300,40600,0.43,0.35
0,60600,1290,29,64100,39900,0.33,0.27
1,50700,1230,25,29700,8900,0.46,0.09
1,51500,1150,26,27100,18900,0.42,0.05
1,47800,1110,24,18800,13300,0.57,0.04
1,50500,1110,24,26200,17100,0.49,0.2
1,50300,900,19,17300,11100,0.64,0.03
0,49600,1230,25,51900,29200,0.77,0.2
0,47600,1160,26,51600,33400,0.56,0.12
0,48100,1170,26,51100,27900,0.63,0.35
1,44800,1220,28,29700,18700,0.37,0.24
1,42600,1200,27,22500,18200,0.35,0.11
1,46400,1070,23,20400,15700,0.5,0.18
1,39200,970,23,21400,15900,0.51,0.17
1,46800,1230,27,21700,15600,0.32,0.08
0,47600,1150,23,39800,24100,0.75,0.18
0,45500,1240,28,65300,26500,0.44,0.01
0,50000,1150,25,54200,33800,0.72,0.23
0,45200,1100,26,51300,28900,0.57,0.33
0,45000,1100,25,41700,26400,0.7,0.24
0,37900,1040,23,47700,23600,0.79,0.16
1,49000,1170,27,30300,20200,0.28,0.2
0,45000,1230,28,61400,33400,0.43,0.41
1,51600,1110,25,23300,15200,0.43,0.1
0,48100,1240,26,66000,30100,0.54,0.21
1,49400,1210,27,27900,20500,0.51,0.12
0,47000,1110,26,47800,23100,0.64,0.23
0,51200,1180,27,52300,35900,0.56,0.39
0,37900,1230,27,54400,26400,0.68,0.29
0,42600,1340,31,62200,30500,0.69,0.1
0,44800,1430,31,65000,34900,0.55,0.06
0,47000,1130,22,53700,28600,0.83,0.2
0,41900,1100,24,42600,22900,0.7,0.27
1,53500,1200,27,36000,26400,0.26,0.1
0,47700,1150,26,49500,21500,0.47,0.16
0,43900,1090,24,51800,28100,0.61,0.2
0,45800,1030,24,42300,20500,0.73,0.17
1,40800,1190,23,17700,12600,0.42,0.06
0,44000,1180,26,44300,28300,0.61,0.31
1,49600,1130,24,20700,15500,0.33,0.16
0,44900,1180,27,36900,25500,0.59,0.26
0,47700,1110,26,49700,24000,0.73,0.19
1,44300,1020,20,19800,9700,0.68,0.04
1,40600,1150,26,20200,12500,0.36,0.03
1,38900,1200,26,24100,15700,0.6,0.12
1,48600,1100,24,25600,17900,0.43,0.13
0,41200,1020,22,35300,18700,0.66,0.19
1,47600,1070,24,19400,10100,0.35,0.22
0,41800,1300,27,52300,26600,0.59,0.33
0,59000,1270,28,59500,24500,0.54,0.36
1,42100,1100,23,30600,17200,0.3,0.04
0,43800,1110,24,49800,23800,0.83,0.15
0,42100,1100,26,47600,24000,0.76,0.22
0,35900,1100,26,43900,21400,0.71,0.24
1,44600,1080,23,24700,15100,0.35,0.07
0,45300,1350,30,65800,28700,0.51,0.06
0,46400,1220,28,54800,30500,0.64,0.32
1,47400,1090,24,27200,11000,0.43,0.05
1,48900,1160,26,24900,18300,0.3,0.13
0,45900,1210,27,52600,30000,0.6,0.36
0,42300,1150,26,48400,32100,0.7,0.3
1,46200,1140,25,24500,15800,0.34,0.13
1,45400,1110,24,26100,18300,0.23,0.13
0,40700,1290,27,53200,25800,0.79,0.2
0,43600,1160,26,37000,27300,0.61,0.31
0,47700,1310,29,67400,35700,0.49,0.15
0,42900,1280,27,52400,28400,0.69,0.27
1,51500,1140,25,24000,13800,0.5,0.03
0,44200,1070,24,53100,23100,0.87,0.07
0,35200,1110,25,42300,24600,0.75,0.15
0,42100,1280,29,60000,37000,0.59,0.28
1,46500,1120,25,22600,16100,0.4,0.29
0,45100,1190,27,57800,35600,0.66,0.27
0,39100,810,18,35700,15300,0.86,0.03
1,51400,1090,23,25100,14900,0.41,0.25
0,43300,1360,30,67000,42400,0.48,0.36
1,50800,1210,27,26300,15400,0.4,0.14
0,63700,1390,29,66800,39600,0.63,0.28
0,42100,1360,29,64800,27900,0.59,0.04
1,51600,1260,28,34300,25600,0.38,0.03
1,35673,1180,24,19100,11300,0.75,0.05
0,51700,1140,25,57600,38200,0.48,0.25
0,38900,970,22,42400,18400,0.84,0.16
0,37000,1020,24,38200,19900,0.71,0.07
0,39600,1230,29,51400,27100,0.58,0.39
1,46100,1110,24,23500,16700,0.54,0.19
0,44900,1140,26,51600,29000,0.71,0.24
0,48900,1150,26,56000,31400,0.77,0.2
0,44900,1170,27,63400,34300,0.72,0.23
0,46500,1100,23,49100,20100,0.63,0.18
0,45400,1090,25,52100,25200,0.72,0.18
0,44700,1200,28,48200,29500,0.58,0.34
1,43500,1190,24,28100,17800,0.39,0.05
1,45000,1110,22,19600,13600,0.39,0.04
1,41300,1290,28,23700,17300,0.39,0.05
1,45700,1170,27,30600,19500,0.53,0.12
1,38900,1050,24,23400,17200,0.52,0.07
0,41900,1080,24,48100,24200,0.83,0.07
0,48400,1120,25,58900,36400,0.71,0.18
1,45200,1000,23,33900,19700,0.82,0.13
0,41100,1160,25,46700,22400,0.81,0.15
0,50600,1160,26,61700,32300,0.52,0.11
0,51200,1160,27,56900,37500,0.53,0.04
0,42800,1220,24,46800,23100,0.82,0.2
1,43700,970,18,29500,16100,0.36,0.04
0,36000,1030,23,29100,15400,0.92,0.07
0,43800,1180,26,54300,31700,0.62,0.32
0,41100,1210,25,50800,22200,0.78,0.22
0,45600,1100,25,51700,27100,0.73,0.28
1,45200,1120,25,31900,21200,0.61,0.11
1,39800,1010,21,23500,16900,0.43,0.07
1,63600,1180,26,23100,19100,0.37,0.19
0,55600,1390,32,62700,33300,0.37,0.33
1,42500,1220,25,18800,13900,0.25,0.03
0,52400,1360,30,68700,38700,0.49,0.06
0,43600,1040,23,44700,22800,0.78,0.16
0,41000,1215,24,40500,21600,0.62,0.37
0,45400,1170,28,53100,35700,0.62,0.32
0,36400,1230,28,51700,27700,0.48,0.3
0,43000,1100,25,52300,27300,0.75,0.23
0,43300,1130,25,55500,28900,0.75,0.23
0,39500,1110,25,49800,19000,0.79,0.19
1,44400,1200,27,26600,19600,0.27,0.3
0,46200,1180,27,51300,31100,0.53,0.38
1,44000,1000,19,30600,10400,0.62,0.01
1,50600,1230,28,30600,23700,0.26,0.31
0,41200,1020,24,39200,20900,0.77,0.15
0,48700,1520,34,66300,28400,0.34,0.01
0,45800,920,19,51300,16300,0.85,0.09
0,41700,1170,28,42500,28100,0.59,0.29
0,46600,1060,24,51700,31200,0.76,0.17
1,50600,1170,27,31200,22900,0.29,0.26
0,42400,1050,23,43600,23200,0.83,0.14
0,45400,1120,25,48100,29400,0.69,0.27
0,47300,1120,24,44100,26600,0.63,0.31
1,44100,920,19,20800,6900,0.78,0.01
1,44500,1020,21,23600,8400,0.61,0.09
1,48400,1160,24,23200,17200,0.3,0.08
0,47700,1180,26,50400,21900,0.42,0.19
0,43700,1070,20,38100,21400,0.89,0.06
1,45900,1260,25,25100,19600,0.29,0.17
0,41400,1220,25,45300,24800,0.7,0.24
1,43900,920,20,24400,14700,0.48,0.03
1,42400,1150,22,21000,15300,0.36,0.11
1,40600,1210,28,21200,13100,0.5,0.35
0,39300,920,20,49100,22900,0.82,0.07
0,32200,1010,24,37800,20700,0.84,0.16
1,40000,1060,21,22700,16100,0.73,0.03
1,42200,1100,24,23400,16500,0.59,0.08
0,48500,1110,25,53300,33500,0.77,0.19
0,39500,1010,23,43800,25500,0.86,0.11
0,45000,1280,29,64800,36500,0.53,0.15
1,47700,1140,26,25100,14600,0.38,0.15
0,40200,1220,25,49900,23800,0.65,0.14
1,40700,1110,22,24900,17800,0.51,0.13
0,49400,1120,25,53900,29000,0.37,0.14
1,52000,1130,25,27400,17400,0.55,0.09
0,39200,1140,25,46300,24900,0.72,0.25
0,42300,1090,26,51800,28000,0.69,0.11
1,43100,980,19,26000,20600,0.43,0.13
1,43900,1170,26,21800,12400,0.63,0.09
0,43100,1110,25,53000,29800,0.84,0.16
0,51100,1170,25,62600,35800,0.49,0.41
0,45700,1060,24,50300,29600,0.37,0.28
0,48900,1110,24,59300,37400,0.56,0.35
1,42000,1050,23,22000,14100,0.46,0.01
1,48000,1090,24,22100,17700,0.39,0.3
1,44200,1170,25,23700,16500,0.35,0.06
0,45600,1060,23,45000,27600,0.79,0.13
0,40700,970,20,47500,20700,0.91,0.04
0,50200,1010,21,49200,34600,0.69,0.08
1,48300,1000,22,25200,10200,0.67,0.01
1,48800,1140,24,20600,15600,0.39,0.09
0,42900,1270,26,62700,37200,0.64,0.25
0,42300,1080,25,55500,27000,0.75,0.21
1,45800,1010,22,24600,14100,0.35,0.05
1,44900,1150,22,23800,16900,0.42,0.1
0,40200,980,24,41800,21800,0.73,0.25
0,48900,1300,29,65800,35800,0.45,0.23
0,49500,1000,22,45400,26400,0.79,0.17
1,45900,1070,23,20200,11100,0.48,0.01
0,50400,1190,27,61200,44400,0.55,0.25
0,48600,1160,26,52800,32400,0.6,0.18
0,45300,1030,23,42700,23000,0.73,0.22
1,39100,1030,22,22900,15200,0.54,0.13
0,51700,1190,24,53300,32100,0.71,0.22
0,46600,1070,23,46500,27600,0.64,0.27
0,44500,860,18,42600,25400,0.73,0.12
0,42100,1280,27,55800,30300,0.68,0.19
1,48600,1070,24,28600,19300,0.67,0.07
0,51700,1130,27,53400,35900,0.51,0.35
0,43300,1060,24,48500,24500,0.81,0.16
0,47400,940,24,46300,24100,0.62,0.06
0,45900,1160,27,58600,33800,0.58,0.31
0,41000,1340,30,64400,35200,0.52,0.2
1,43900,1090,24,27900,13300,0.51,0.2
0,45300,1180,26,51200,24100,0.84,0.15
0,43500,1320,30,60600,36800,0.46,0.29
0,36100,920,19,29600,13300,0.66,0.1
1,35700,1200,26,20700,13100,0.53,0.06
1,37600,1030,23,23000,14800,0.6,0.05
0,66700,1300,30,61100,41900,0.55,0.35
0,40400,1080,25,45000,25900,0.81,0.19
0,46600,1370,31,66300,38200,0.43,0.16
1,39300,1060,23,24400,17900,0.44,0.03
1,40500,1080,22,29600,16600,0.41,0.08
1,40000,1100,24,25900,9900,0.62,0.12
0,39600,1180,26,56200,30300,0.74,0.24
1,45200,1160,24,21500,8900,0.68,0.04
1,42700,1180,26,21700,16100,0.48,0.04
0,38600,1210,25,47600,29200,0.82,0.18
0,43300,1200,27,59400,33400,0.61,0.34
0,47300,910,21,38600,19600,0.76,0.15
1,42900,1010,21,21100,12300,0.56,0.08
1,44500,1050,23,26000,16800,0.27,0.15
1,40700,1180,24,22300,15700,0.47,0.01
1,46200,1120,25,26400,16200,0.27,0.19
0,38100,1010,22,38100,20500,0.45,0.23
1,39600,1010,21,25500,17300,0.4,0.04
0,49500,1100,25,59700,38800,0.59,0.26
0,48100,1210,28,59800,36700,0.41,0.4
0,45400,1110,25,45000,25900,0.58,0.3
1,42100,1070,21,26300,18300,0.6,0.03
0,37100,1160,27,47600,25200,0.67,0.33
1,44100,1170,26,24600,18400,0.39,0.19
0,39400,1090,25,51000,22400,0.76,0.18
1,47400,1150,22,19800,14500,0.33,0.02
1,42800,1150,23,21700,18300,0.41,0.12
0,41900,1060,24,45400,25000,0.77,0.21
0,42500,1010,23,45600,19200,0.86,0.14
0,42000,1060,25,48200,23800,0.83,0.16
0,44300,940,18,46600,16400,0.72,0.2
0,43900,1270,29,57900,31200,0.41,0.53
1,45000,1160,24,24100,18200,0.42,0.12
0,47000,1070,24,48000,25400,0.7,0.1
1,41200,1090,24,22400,17800,0.5,0.16
0,41200,1040,24,43700,20900,0.74,0.1
0,48900,910,19,53200,28900,0.37,0.13
0,46500,1120,22,52000,27700,0.46,0.16
1,44800,1040,23,21500,12900,0.48,0.02
1,47700,1040,24,20400,10200,0.38,0.16
0,45100,1220,25,47200,35100,0.3,0.21
1,39600,1150,22,18700,13600,0.36,0.03
1,44200,1100,22,27300,7300,0.56,0.02
0,43400,1200,27,65000,35600,0.5,0.27
0,36100,1040,24,38100,20700,0.61,0.27
0,41100,1080,24,43200,22200,0.8,0.2
0,43700,1300,27,59600,36900,0.66,0.23
0,50500,1310,29,66600,37300,0.27,0.35
0,41800,1110,24,56700,32300,0.64,0.3
0,50000,1120,25,59500,39400,0.57,0.32
0,44800,1000,22,58800,40200,0.65,0.17
0,50700,1180,26,61200,36100,0.69,0.15
0,36000,1000,22,35800,19200,0.8,0.17
0,42000,1130,26,44000,29800,0.41,0.45
1,43700,1070,22,18600,13300,0.36,0.06
0,43800,1150,26,47800,32900,0.64,0.17
1,42200,990,20,22200,15100,0.35,0.03
0,50900,1290,28,66200,35500,0.38,0.08
1,43200,1030,22,25400,6000,0.51,0.05
1,40900,1120,24,21100,16900,0.32,0.22
1,43400,1170,25,25400,15200,0.39,0.17
1,39500,1070,22,23700,14000,0.4,0.12
0,46400,910,19,37700,21900,0.88,0.12
0,37800,1000,22,45400,22400,0.39,0.07
0,38600,1220,28,57700,30500,0.59,0.4
1,47400,1130,26,24000,15800,0.35,0.14
1,40700,990,20,21900,13900,0.49,0.02
0,40600,1120,24,52600,23900,0.6,0.05
1,42400,1110,22,27000,20500,0.32,0.01
0,39100,1040,24,37700,20600,0.73,0.1
1,47100,1010,22,25400,16100,0.49,0.06
1,40900,990,21,19000,9400,0.68,0.03
1,42900,1100,22,26100,7900,0.74,0.03
1,41300,1020,22,26200,15700,0.47,0.02
0,56700,1220,28,51400,30400,0.07,0.15
1,41100,1110,22,18600,13100,0.43,0.07
0,56500,1190,27,70400,40600,0.54,0.29
0,42400,1070,22,42800,18000,0.87,0.09
0,42100,1120,25,50100,35000,0.67,0.23
0,41600,980,24,49400,24700,0.75,0.25
0,50800,1220,28,62100,35400,0.53,0.16
1,42700,1080,25,28800,23800,0.45,0.13
1,42100,1120,25,28800,18000,0.52,0.13
1,43000,1060,22,18000,12600,0.37,0.04
0,47000,1370,29,51800,37300,0.42,0.27
0,49900,1330,30,65400,36300,0.41,0.41
1,45800,1120,22,28500,16800,0.34,0.09
0,45800,1110,25,49400,30600,0.57,0.37
1,43800,1030,21,24000,15800,0.49,0.07
0,41600,1100,24,48900,34400,0.65,0.16
0,42300,1010,22,45300,18200,0.68,0.12
0,42500,1070,23,50600,24100,0.69,0.13
0,52200,1040,23,60800,32300,0.71,0.21
0,47400,1180,27,55900,33900,0.35,0.27
0,51100,1110,25,61700,36100,0.68,0.15
0,45300,1260,28,61500,36800,0.45,0.11
1,44100,1110,25,25400,15500,0.33,0.12
0,40900,1070,23,38200,21100,0.82,0.14
1,40800,1110,21,19400,14800,0.39,0.2
0,44600,1040,22,55800,32300,0.72,0.21
0,48800,1160,25,58600,31900,0.64,0.22
0,42000,1010,22,42400,24300,0.84,0.16
0,41600,1160,25,46600,23100,0.68,0.25
1,42100,990,20,25900,18200,0.48,0.07
0,44100,1060,23,62400,37500,0.7,0.07
1,39200,1030,23,19600,11000,0.6,0.02
0,40600,1260,26,64500,39500,0.58,0.27
0,56100,1270,29,54200,30600,0.15,0.41
0,55000,1110,25,56500,32200,0.64,0.35
0,40200,1040,24,42300,23300,0.73,0.24
1,39300,1040,22,19700,14100,0.64,0.04
0,43700,900,22,38100,22400,0.71,0.15
0,40300,1020,20,50800,26900,0.76,0.22
1,45600,930,23,20700,9200,0.5,0.09
1,41500,1140,24,25600,18500,0.22,0.02
0,38100,1030,22,45100,24200,0.78,0.11
0,42300,1010,21,36800,24600,0.21,0.05
0,40500,1140,25,42300,26600,0.8,0.14
0,36000,1030,22,38200,19900,0.88,0.05
0,39500,1120,24,43300,23600,0.66,0.09
1,41200,1090,24,23600,16100,0.44,0.26
1,38600,1110,24,23400,17200,0.57,0.12
0,37700,1080,23,38100,21200,0.77,0.4
0,53500,1070,24,51500,31200,0.8,0.15
1,40500,950,20,22500,17100,0.44,0.01
0,42000,1040,24,50100,23400,0.82,0.15
0,38600,1030,22,41900,20100,0.83,0.11
1,44000,1090,25,25300,16000,0.55,0.15
0,45200,940,19,45800,16500,0.85,0.12
1,36700,1190,24,17700,12800,0.52,0.14
0,39500,1140,25,37100,20600,0.65,0.24
0,49900,1260,28,68000,38800,0.61,0.17
0,42500,1100,24,54400,29600,0.61,0.2
1,48200,1020,22,29400,20200,0.59,0.08
1,45200,1090,24,25900,21400,0.45,0.08
0,46000,990,20,52300,29100,0.9,0.05
1,46800,1060,23,24600,17200,0.48,0.05
1,43500,900,18,18200,8400,0.75,0.01
0,39200,1180,26,52600,25600,0.76,0.22
0,38200,1040,22,51900,26000,0.83,0.17
0,35000,1030,23,49600,30800,0.82,0.11
0,43000,1000,21,47400,28700,0.75,0.18
1,47400,1080,24,24300,17100,0.52,0.12
0,45600,1230,28,60200,42100,0.55,0.47
1,42300,1160,25,21900,14400,0.4,0.12
0,40700,1170,25,43900,25300,0.22,0.33
1,40400,970,22,20200,10900,0.51,0.06
1,44200,1110,24,22100,11800,0.42,0.12
0,44600,1160,27,55500,33900,0.66,0.26
1,39500,1090,24,18600,14300,0.41,0.07
0,36300,950,21,47500,19400,0.66,0.17
0,41500,1010,24,37600,22500,0.59,0.33
0,45600,930,20,44400,26200,0.8,0.17
1,40600,1050,23,18500,11800,0.55,0.08
1,49700,1220,25,24300,13500,0.5,0.11
0,40900,1100,25,45400,29700,0.76,0.13
0,48000,1230,27,56100,38000,0.55,0.37
0,39900,1050,23,41500,26700,0.78,0.17
1,42200,1080,24,25600,18900,0.52,0.12
0,41300,1120,25,54000,30200,0.75,0.24
0,45400,1080,21,55200,26800,0.55,0.34
1,36400,1120,22,22700,15700,0.65,0.09
1,43100,1150,26,24000,12600,0.54,0.05
0,41600,950,23,45700,26400,0.53,0.07
1,44100,1160,26,27700,22900,0.3,0.09
1,35900,1150,23,18800,13000,0.5,0.03
0,37600,910,20,39300,20800,0.82,0.15
0,46100,1240,28,66000,38200,0.31,0.01
0,34600,1100,24,51400,23300,0.8,0.19
1,42100,990,22,23400,14800,0.48,0.11
0,40500,1040,23,58400,26500,0.68,0.18
0,32400,1030,20,34100,20000,0.77,0.08
0,42900,1230,26,47700,28700,0.54,0.2
0,43200,1220,25,48700,25500,0.78,0.21
0,41300,1140,25,40700,25500,0.7,0.25
0,45000,1350,29,69100,39100,0.61,0.16
1,41000,970,21,27900,20700,0.41,0.12
0,39400,1100,23,47000,28200,0.78,0.17
1,39700,1090,24,20600,15500,0.52,0.11
0,43100,1030,23,56000,26600,0.72,0.11
0,40700,1090,21,41300,21200,0.83,0.03
0,43500,1230,28,58100,37500,0.46,0.09
0,36800,1040,23,46100,24700,0.75,0.08
0,42100,1060,24,36700,25900,0.79,0.02
1,41600,1010,22,25200,18600,0.55,0.18
0,43500,920,18,44000,20200,0.65,0.12
0,37100,1200,29,56500,25200,0.61,0.34
1,44200,820,17,28200,17700,0.94,0.01
0,43700,1120,25,60000,32100,0.7,0.3
0,45000,1320,31,65700,35700,0.36,0.36
1,48300,1080,24,23500,17000,0.41,0.23
0,47400,1170,26,58300,33400,0.64,0.23
0,50000,1100,27,56750,40600,0.78,0.3
0,40900,980,23,39500,24700,0.79,0.18
1,43000,1170,26,28400,19200,0.33,0.19
0,35500,960,21,45700,27900,0.72,0.2
0,34700,1060,24,31100,19400,0.79,0.13
1,45100,1040,23,31900,23000,0.45,0.24
1,44200,1020,22,24600,14700,0.49,0.02
0,46200,1200,28,56900,36900,0.55,0.3
1,48400,1130,25,28800,21500,0.24,0.17
0,33600,1120,24,38000,22200,0.78,0.08
1,40400,960,21,25400,15600,0.57,0.02
0,43000,1100,25,46300,24800,0.67,0.21
1,39100,1030,24,20600,11700,0.52,0.06
0,36000,1010,22,44700,24000,0.85,0.12
0,45400,1040,23,43600,26100,0.74,0.17
0,38600,1190,24,43300,25500,0.82,0.21
0,39300,1340,28,64900,47400,0.67,0.04
1,40500,910,17,29100,16500,0.51,0.01
0,40200,1050,24,48400,23100,0.7,0.17
1,41000,970,20,20500,14100,0.48,0.2
1,39300,1010,24,21400,13300,0.51,0.06
0,40100,1040,24,50000,27200,0.69,0.29
1,33700,930,16,19300,14100,0.89,0.01
0,37100,990,22,51400,28900,0.82,0.14
0,36900,1140,23,45600,25600,0.76,0.09
0,39300,1050,20,41900,14900,0.82,0.08
0,40000,1130,26,50600,23600,0.6,0.38
0,45300,1210,27,64300,38400,0.53,0.23
0,39400,1040,23,41700,25300,0.82,0.18
0,36400,1260,26,66600,34900,0.71,0.34
0,41400,980,21,39300,19200,0.86,0.09
0,39500,890,22,46900,23900,0.86,0.13
0,40400,980,21,45100,28100,0.58,0.05
1,44300,1110,23,23700,17500,0.57,0.02
0,42800,1120,26,55700,34800,0.86,0.34
1,44800,960,24,23600,20600,0.6,0.13
1,38800,810,17,22000,16400,0.72,0.11
0,46400,1140,26,63200,43700,0.78,0.25
1,45300,1130,26,28300,20600,0.31,0.23
1,41800,980,20,25100,17400,0.45,0.02
1,43900,1050,23,25800,14100,0.44,0.12
0,44800,1070,23,48300,35900,0.56,0.21
0,37300,1030,23,46700,21000,0.81,0.2
0,30800,1200,25,35900,25300,0.54,0.09
0,37600,1150,25,37700,22900,0.61,0.16
0,39400,1140,25,54500,28600,0.68,0.22
1,39400,980,19,26100,18400,0.57,0.03
1,42500,1040,22,24100,18600,0.51,0.06
0,42700,1030,23,41500,25300,0.75,0.14
1,41600,990,22,19900,12100,0.44,0.13
0,42200,1080,23,56500,35400,0.82,0.12
1,38900,990,19,22100,11400,0.75,0.03
0,37000,1170,27,46200,26600,0.72,0.3
1,38400,1020,23,20600,12400,0.54,0.17
0,39500,1200,25,57600,32500,0.65,0.3
0,39000,860,21,36200,19900,0.75,0.15
1,43600,1020,22,25400,17500,0.47,0.04
0,40800,1050,22,44400,28300,0.79,0.18
0,41300,1090,24,55500,31700,0.72,0.24
0,44300,1060,23,53500,32300,0.78,0.16
1,40300,1110,22,21700,13400,0.41,0.08
1,38500,960,20,24800,18700,0.42,0.03
1,41200,1010,19,29000,14400,0.49,0.06
1,43700,1110,24,30200,21100,0.45,0.09
1,37200,920,17,23900,16700,0.58,0.02
0,44600,1090,24,54600,35200,0.81,0.18
0,38900,1090,25,45400,25500,0.69,0.33
0,39400,1170,26,58000,26400,0.73,0.24
0,40300,1170,27,47200,33300,0.44,0.21
0,39400,1130,23,49200,27600,0.8,0.17
0,41600,1200,25,61100,49200,0.59,0.19
0,38700,990,22,42700,24900,0.9,0.07
1,39000,880,18,22300,15800,0.58,0.08
0,37600,1070,23,49100,28100,0.86,0.18
0,40300,980,21,49200,29700,0.82,0.16
0,37900,1030,23,47300,23700,0.84,0.12
1,37500,930,20,21900,15100,0.6,0.02
1,34400,990,19,24200,15700,0.75,0.03
0,47900,1200,25,52000,39300,0.4,0.12
0,39601,980,19,32300,23400,0.91,0.01
0,35300,910,20,39100,23200,0.88,0.1
0,36600,1040,23,37500,29400,0.77,0.09
0,36300,1090,25,55700,28700,0.75,0.05
0,34300,970,22,33700,23900,0.85,0.09
0,41500,1100,24,52300,29800,0.75,0.22
1,37800,1030,22,27300,17300,0.66,0.13
1,40600,1040,23,26600,19700,0.36,0.17
0,40000,960,20,42500,24300,0.57,0.02
0,41200,1070,24,41800,29900,0.59,0.3
1,36300,860,18,19600,10600,0.77,0.01
0,36800,880,18,33900,21600,0.87,0.17
0,40400,1060,24,54700,41400,0.34,0.44
0,31300,1030,20,23500,18100,0.99,0.01
